<code_scheme name="Default" version="173">
  <ScssCodeStyleSettings>
    <option name="BLANK_LINES_BETWEEN_BLOCKS" value="0" />
    <option name="BLANK_LINES_AROUND_NESTED_SELECTOR" value="0" />
    <option name="KEEP_SINGLE_LINE_BLOCKS" value="true" />
  </ScssCodeStyleSettings>
  <codeStyleSettings language="HTML">
    <indentOptions>
      <option name="INDENT_SIZE" value="2" />
      <option name="CONTINUATION_INDENT_SIZE" value="4" />
      <option name="TAB_SIZE" value="2" />
    </indentOptions>
  </codeStyleSettings>
  <codeStyleSettings language="JavaScript">
    <indentOptions>
      <option name="INDENT_SIZE" value="2" />
      <option name="CONTINUATION_INDENT_SIZE" value="2" />
      <option name="TAB_SIZE" value="2" />
    </indentOptions>
  </codeStyleSettings>
  <codeStyleSettings language="SCSS">
    <option name="KEEP_BLANK_LINES_IN_CODE" value="0" />
  </codeStyleSettings>
</code_scheme>